positivePoints,negativePoints,commentText,like,dislike,"ارزش خرید به نسبت قیمت",نوآوری,"کیفیت ساخت","امکانات و قابلیت ها","سهولت استفاده","طراحی و ظاهر"
"دوام بالا. بروز رساني",,"سلام من چند سال سونی z2 دارم واقعا عالی زمانی که داشتم میخریدم سامسونگ s 5 پرچمدار بود همه میگفتن سامسونگ بگیر. ولی چون دوست داشتم گوشیم زیاد جواد نباشه سونی گرفتم اما حالا بعد این چند سال این کجا و اون کجا .... سامسونگ دوام وعمر کمتر. جنس بدنه بسیار ضعیفتر.عدم جذابیت و ........
تو خرید کلیه محصولات سونی شک نکن.ژاپن کجا کره کجا .تویوتا کجا هیوندای کجا",0,0,3,3,3,3,3,3
"کيفيت صفحه نمايش کيفيت ساخت دکمه شاتر عکس دوربين سلفي عالي اجرا کردن سريع برنامه ها","اسپيکر ضعيف","واسه من باتریش از صبح که از شارژ میکنم و اینترنت هم یکسره استفاده میکنم تا عصر جواب میده که هر گوشی اینروزا با استفاده اینترنت همین قدر باتری مصرف میکنه، تنها مشکلش صدای ضعیف اسپیکر گوشی هست. تو خریدش شک نکنید، خوش دست و شیکه.و اونایی که میگن ظاهر کاربری تکراری هست، میتونن از خود نرم افزار سونی تم های جدید بگیرن و لذت ببرن، دوربین سلفی هم فوق العاده س...",1,0,4,4,3,4,5,3
,,"ازدوستان خواهش میکنم بی جهت به یک برند خاص ایراد نگیرن اگه گوشی های میان رده زیر یک میلیون رضایتشونوجلب نمیکنه ایفون بگیرن",3,1,5,5,5,5,5,5
"ظاهر زيبا
دوربين عالي","داغ کردن گوشي","این گوشی رو دو ماهه دارمش با همچنین هزینه ای بهترین گوشیه همچیش عالیه مخصوصا ظاهر اما تنها نقطه ضعفش زود داغ میکنه چون 8 هسته داره",2,1,5,5,4,3,5,5
"طراحي ظاهري
دوربين سلفي","باتري خيلي بد
تاچ ضعيف
داغ کردن","یک ماه دارمش
زود شارژ کم میکنه تاچش واقعا ضعیفه
من عاشق سونی بودم Z1 داشتم Neo داشتم X10 داشتم ولی این یکاری کرد آخرین باری باشه سونی می گیرم.",1,7,3,3,3,3,5,3
"طراحي زيبا
صفحه نمايش با کيفيت
ابعاد خيلي خوب","داغ کردن بيش از حد
باطري ضعيف","من چند روزی میشه این گوشی رو خریدم از نظر ظاهری خیلی عالی هستش و کیفیت ساختش واقعا خوبه.کیفیت صفحه نمایش گوش های سونی خوبه و این هم صفحه نمایش با کیفیتی داره ولی مسئله ای که باعث شد پیشنهاد عدم خرید این گوشی رو بدم این بود که این گوشی زمان پردازش های متوسط(در زمان استفاده از نرم افزار های نصب پیش فرض گوشی یا حتی دیدن فیلم )داغ می کنه و بعضی مواقع گوشی توی جیبم بوده قشنگ گرماش رو حس کردم و این برای من آزار دهندست و به همون نسبت نیز هنگام انجام این پردازش ها و استفاده از گوشی شارژ گوش کم میشه و یه نمونه خیلی بد اینکه همون روز اول با نرم افزار app backup&restore میخواستم sms ها و contact های گوشیه قبلیم رو recovery کنم از بس داغ کرد فک کردم الانه که خراب شه و شارژ گوشی به طرز عجیبی شروع شد به کم شدن ولی توی کاربردهای روزمره مثل چک کردن تلگرام و استفاده از اینترنت وضعیتش بد نیست.به نظرم بهتره که پول بیشتری هزینه شه و گوشی با config بهتری از سونی خرید.",1,6,3,4,3,3,4,3
"کيفتو ظاهره خيلي خوبو عالي و خيلي خوش دست","همه ميگن باطري اما...","سلام دوستان، من افراتی نیستم تو انتخواب گوشی اما یه نگاه به کاربردایه گوشیامون بکنید،،، قدیم ما با یه بار شارژ N73یا هر گوشیه دیگه ای اخر شب شارژرو فرو میکردیم تو گوشی، بعدش صبح بعد بیدار شدن میکشیدیمش،،، حالا نازمون بالا رفته گیر به باطری هایه این گوشیا میدیم،،،، از ساعته 8 صبح تا12 شب به مدته14 ساعت میانگین با نوره اتومات کار میکنم باتریشم یکبار صبح میکشم یکبارم ظهر هولو هوشه 4یا5 میزنم شارژ،،، اما اینم بگم....واقعا گوشیم زیاد کار میکنه،،، با تشکر",3,1,3,5,4,5,5,4
,,"نقدهای غیرمنصفانه و کلی که بیشتر جنبه تعصب ضد یک برند رو دارند از اساس بی معنی‌اند و جایی در دیجی‌کالا ندارند. طبیعتا کسانی که نامشون به عنوان خریدار یک محصول ذکر می‌شه نقدهاشون بیشتر قابل اتکاست. درباره صفحه نمایشه باید گفت که گوشی‌های سونی و از جمله این مدل با اینکه از LCD استفاده می‌کنند اما کیفیت خیلی بالایی رو ارائه می‌ده و اکثر کارشناسان آی تی در سایت‌های مختلف نظر مثبتی رو به صحفه نمایش پرچمداران سونی دارند. برای اطمینان می‌تونید به نقدهای موجود در سایت‌های مختلف مراجعه کنید. اما این مدل با وجود اینکه میان‌رده هست و کیفیت اچ دی داره و تراکم پیکسلی پایین‌تری نسبت به پرچمداران داره اما صفحه نمایش قابل قبولی داره و اکثر خریداران مشکلی با این مسئله ندارند. جالب بود حتی بحث این مطرح شده بود که جی پی اس نداره! ساده‌ترین مدل‌های اندرویدی سونی چهار سال قبل هم جی پی اس داشتند چطور در سال 2017 یک گوشی هوشمند می‌تونه فاقد جی پی اس باشه؟ همونطور که قبلا گفتم باتری هم با استفاده معمول تا یک روز دوام میاره. اما درباره قیمت باید گفت که مسلما گوشی‌های سونی کمی گرون‌تر از سایر برندها هستند. اگر کسی می‌خواد سامسونگ و الجی بخره می‌تونه بخره ولی نیاز نیست که مدام به صفحه محصولات سونی بیاد و با نقدهای متعصانه مطالبی خلاف واقع ارائه بده.",10,1,4,5,5,5,5,4
,,"بعضیا چون تعصب دارن الکی از سونی ایراد میگیرن.دیگه عیب نمونده از آیکون دوربین ایراد میگیرن.شما اول دوماه این گوشی رو امتحان کن بعد ایراد بگیر.ببین هر کی خریده راضی بوده.این گوشی بهترینه بهترین",9,0,5,5,5,5,5,5
"طراحي زيبا
رابط کاربري عالي
صفحه نمايش خوب با توجه به قيمت
اپديت اندرويد 7","خوش دست نبودن
کمبود لوازم جانبي
داغ شدن","در کل گوشی خوبیه و من به همه ی رقیباش تو این قیمت ترجیحش دادم و راضیم تنها مشکلاتشم اینه که گوشی درازیه انگشت به زور به بالای صفحه میرسه و اینکه محافظ صفحه های این گوشی معمولا کل صفحه رو نمیپوشونن به دلیل خمیده بودن کناره های صفحه مگه اینکه Full Cover Glass Screen Protector براش بخرین. داغ هم میشه که طبیعیه چون گوشی باریکیه که اونم با یه قاب حل میشه .",5,2,5,3,4,2,5,4
,,"هیچوقت گوشی سونی نمیخرم.اطرافیانم خریدن و کاملا با مشکلاتش آشنا هستم. سونی هیچ نوآوری نداشته، نه در رابط کاربری خسته کننده‌ش و نه ظاهر خود گوشی. کیفیت صفحه‌ش همون ال‌سی‌دی معمولیه. دوربینش هم که افتضاحه و با توجه که سایر شرکتها مثل سامسونگ از سنسور سونی استفاده میکنن نمیدونم چرا هیچوقت نمیخواد نرم‌افزار پروسس تصویرش رو ارتقاء بده.در این زمینه سامسونگ بهترینه. پیشنهاد من اینه اگه صرفا علاقه به برند سونی دارید بخرید در غیر اینصورت اگه کاربری حرفه‌ای دارید از محصولات میان رده سامسونگ انتخاب کنید که در دیجیکالا هم موجوده. یه مقدار بیشتر هزینه کنید محصول باکیفیت تری میتونید بخرید.این هم رم پایینی داره هم باتری ضعیف بعلاوه چیپست ضعیف.شما که هزینه میکنید یه چیز بهتر بخرید، حداقل آمولد باشه با سه گیگ رم که نیاز امروزتونو جواب بده.",8,26,3,3,2,3,1,2
,,"بیاید منصف باشیم و طرفداری از برند خاص رو کنار بزاریم، این گوشی از لحاظ همه چیز برابر با ال جی k10 هستش اما گرونتره، چرا آخه؟ باید قبول کرد هیچ کدوم از گوشی های سونی بین هم رده های خودشون ارزش خرید ندارن، طراحی هاشون خسته کننده شده که البته نظر شخصیه، و در کل اصلا ارزش خرید نداره، برند سونی رو یه زمانی چشم بسته میشد خرید، اما الان جز پشیمونی از خرید چیزی واستون نداره....",8,20,2,2,2,2,2,2
,,"بابااین سونی چرا اینطوریه همه چیو خوب زده این باتری ضعیف چیه اخه",9,3,5,5,3,5,5,5
"باطري فوق‌العاده، سرعت زياد بدون هنگ، دوربين بدون نويز، عاليه همچيش، اندرويد هفت به زودي","خش پذير بودن لنز دوربين و بدنه،
عدم ستزگاري مناسب بلوتوث دستگاه با هدست سوني sbh54 صدا ش قطع و وصل ميشه","تو خریدش شک نکنید",27,16,3,5,5,5,5,5
"تاچ باطري",,"اولین آپشن و مهمترین گزینه تو خرید گوشی که باطریشه؛ میشه با تمام قاطعیت گفت باطری این گوشی زیره صفره. یعنی باید 2تا پاور همیشه همراهت داشته باشی.
همین.",26,22,2,3,3,3,3,3
,,"این گوشیو ندارم اتفاقی دیدم کامنت ها رو. عزیزی اشاره کرده بودن که برنامه ها بعد از ریست باز میمونن.
این ویژگی اندروید 5 یا 6 بود که توی ریسنت اپس نگه میداشت.",16,2,3,3,3,3,3,3
,,"سلام من تازه دو روزه این گوشی رو خریدم از هر نظر عالیه اما شارژ باتری خیلی زود تموم میکنه یعنی تو دو ساعت شارژش میرسه به 20٪",9,19,5,5,4,3,3,4
"صفحه نمايش دوربين سريع شارژ شدن رابط کاربري شخصي سازي سرعت بالا زيبايي",هيچ.......,"الان یک ماهه از این گوشی دارم استفاده میکنم به هیچ مشکلی بر نخوردم. خیلی عالیه. مطمئن باشید که از خریدش پشیمان نمیشین. سونی عالیه عالی........",11,9,5,5,5,5,5,5
عالي,ندارد,"محصولات سونی ارزش خرید دارید",14,9,3,3,3,3,3,3
,,"به خاطر منحنی بودن مانیتور، محافظ متناسبی براش موجود نیست. محافظهای کامل، کنارشونخوب نمی خوابه و بلند میشه و همین باعث میشه، در اطراف مانیتور تاچ و لمس به خوبی عمل نکنه؛ مخصوصا از بالا به پایین. این مشکل اصلی گوشی های منحنیه.",7,1,2,2,3,1,1,2
"کيفيت ساخت فوق العاده
تاچ خوب
انتن دهي خوب
قيمت خوب
دوربين عالي","نداشتن فلاش دوربين جلو
نداشتن يه باتري بهتر لااقل بالاتر از 2700 يا 2800 نداشتن حسگر اثر انگشت","حتما توصیه میکنم بخرین.10ماهه خریدم.عالیه.کار کردن باهاش لذت خاصی داره.چون مارکش سونیه
من در حال مشتری ثابت سونی ام
ابن باتری هم که میگم به راحتی تا یه روز هم با اینترنت کار کنی هم باتریش خوبه ولی میگم اگه بالاتر میزاش",9,6,5,5,5,5,5,5
"صفحه نمايش رابط کاربري عالي شارژ شدن سريع زيبايي کيفيت ساخت دوربين",ندارد,"سلام. من یک ماه هست که این گوشی رو خریدم. اصلا داغ نمیکنه.مشکل تاچ نداره.نوار اعلانات ش هم سریع پایین میاد.پردازنده اش عالیه. باندش هم همینطور. هیچ مشکلی هم نداره. در مورد باتری درسته که ظرفیتش کمه ولی از اون ور خیلی سریع شارژ میشه و خیلی زود تموم نمیشه. خلاصه خیلی گوشی خوبه و تو این قیمت بهترینه. سونی بهترینه",6,3,5,5,5,5,5,5
"در حال ديدن نظرات بودم و کمتر کسي را ديدم ک از اين گوشي عيبي گرفته باشد اگر طرفدار سوني هستيد و نميخواهيد پول زيادي خرج کنيد اين گوشي ميتواند خواسته هاي شما را اعمال کند...","فاقد حسگر اثرانگشت","این گوشی هم مانند مدل های z داغ میکند",6,4,5,4,3,4,5,2
"خوش دست
زيبا
صفحه بدون مرز
تا الان که 9 ماه گذشته از خريدش هنگ نداشته
صفحه نمايش خوب","صداي ضعيف بلندگو
افتادن خط و خش در پشت
افتادن خط خش دوربين عقب يا انگار از داخل بخار گرفته باشه
و قاب دور گوشي هم رنگش زود ميپره","من راضی هستم در مجموع از گوشی میتونست بهتر از این باشه اما در کل بخاطر کم بودنش تو بازار و مثله گوشی های سامسونگ یا هواوی دسته همه نیست و یکم خاص تره
اما تنها مشکل بزرگش اگه بگم دوربین عقب بود که انگار خط و خش ریز افتاده بود که هرچی تمیز کردم برطرف نشد اما لنزشو یکم خیس کردم بعد با سشوار یکم گرفتم روش که بهتر شد، در کل فک میکنم از داخل بخار گرفته بود اما الان درست شده",4,4,5,5,5,5,3,5
"زيبا خوش دست دوربين سلفي و اصلي قابل قبول رابط کاربري خفن سوني","بدنه ضعيف","هیچ ایرادی رو نمیتونین ب رابط کاربری سونی بگیرید چون تو اندروید بهترینه
شارژدهی متوسط هست .این خاصیت یک گوشی هوشمنده
تاجش مشکلی در اپدیت جدید نداره
خوب ایده ال ترین پردازنده با توجه ب قیمت و باتری همین بود که فکر نمیکنم مشکلی بر بخورین
نداشتن فینگر پرینتر بهتر از داشتن یکی اعصاب خوردکن و مزخرفه",10,5,4,1,5,5,5,3
"صفحه نمايشبا کيفيت
سخت افزار خوب
آندرويد پيشفرض 6","داغ کردن پشت گوشي در حين استفاده زياد و قابليت هاي پيچيده دوربين","حدود یه هفتس که دارمش گوشی تقریبا بی نقص و خوبیه چیزی که شما نمیتونید ازش بگذرید زیبایی و شیک بودن و طراحی خاص گوشی هست بخصوص رنگ خاکستریش
خلاصه اگه دنبال یه گوشیه بروز که بتونه نیاز های شما رو در حد مطلوب برطرف کنه هستید XA رو از دست ندید",7,1,4,3,4,3,4,3
"رابط کاربري عالي شخصي سازي حرفه اي زيبايي خوش دستي دوربين صفحه نمايش بلندگو",نداره,"این گوشی با این قیمت بی نظیره.صفحه نمایشش عالیه. اصلا هنگ نمیکنه.اونایی هم که میگن باتری و تاچ و میکروفون گوشیشون اصل نیست. والا من نمیدونم چرا بعضی ها از این گوشی الکی بد میگن. با این قیمت بهترین انتخابه. سونی بهترینه بهترین.",4,2,5,5,5,5,5,5
"سبک , خوش دست , لبه ها کمي خميده (edge) , ظاهر بسيار زيبا
سرعت پردازش و عملکرد تاچ فوق العاده سري
با توجه به مشخصات, قيمت کاملا مناسب
دوربين پشت , جلو , صفحه نمايش با کيفيت عالي","بر خلاف مشخصات قيد شده , دوربين جلو فاقد فلش مي باشد.","این گوشی را از دیجیکالا خریداری کردم و از همه لحاظ گوشی خوبی می باشد و از نظر من هیچ برندی قابل مقایسه با سونی نیست. حتما پیشنهاد میکنم خریداری کنید( پشیمون نخواهید شد) .",4,1,5,4,4,4,5,5
"رنگ ليمويي د","بدنه پلاستيکي کيفيت صفحه دوربين ناجور سلفي بد باتري با امپر پايين رام پايين","سلام دوستان من خودن موبایل فروشم این گوشیو رو دارم ولی به مشتری ها پیشنهاد نمیدم چون پس میدن قیمتش الکی بالاس رام2 کیفیت صفحه پایین ولی به جای این با همین قیمت برین.sony.m5 بگیرن هم ضد ابه کیفیت صفحه عالی رام3 دوربین سلفی13 بدنه شیشه ای ببخشید سرتون رو درد اوردم",1,3,1,3,2,3,2,2
,,"دوستان،این گوشی مشکل ناچ نداره.بعضی میگن نوار اعلانات باید دو لنگشتی پایین بیاد که اینو به مشکل حساب میکنن در صورتی که آندروید 5و6سیستمش اینجوریه",2,1,5,5,5,5,5,5
,"باطري و لمس","من که راضیم",3,0,3,3,3,3,3,3
"کيفيت ساخت بالا
طراحي چشم نواز
دوربين هاي با کيفيت
سخت افزار مناسب
ارزش خريد نسبت به قيمت","ميتوانست حسگر اثر انگشت داشته باشد
ميتوانست ظرفيت باتري بيشتر باشد ولي منو تا الان راضي نگه داشته.","به نظرم گوشیه خوبی هستش.اگه واستون دوربین های خوب و ظرافت و طراحی گوشی یکی از الویت هاست بی شک گوشی خوبی رو انتخاب کردید.
همین الان که دارم با این گوشی کار میکنم نه لگی زده و نه تو تاچش مشکل دارم(البته من برچسب زدم به جای گلس).
در رابطه با موضوعی که مطرح شده که گوشی های سونی از مواد بازیافتی درست شدن بای بگم این گوشی با این که از پلاستیک تهیه شده ولی منو نسبت گوشی های قبلیم(p8lite. j5 و.‌‌..) راضی تر نگه داشته.باید بگم واقعا کیفیت ساخت بالایی داره.
از نظر سخت افزاری هم مشکلی ندیدم.
نسبت به قیمتش ارزش داره.
یا علی",3,0,4,4,4,4,5,5
,,"حدود یک ماه قبل این موبایل رو خریدم و قرار بود که تجربه استفاده از اون رو پس از مدتی استفاده در اختیار دیگران قرار بدم. من نظرات دیگر رو خوندم و واقعیت رو درباره تجربه خودم خواهم گفت. درباره باتری باید بگم با اینکه 2300 میلی آمپر هست و من هم دوست داشتم برای مثال حدود 3000 میلی آمپر باشه، اما از نظر شارژدهی نسبتا خوب هست با استفاده معمول روزانه از اینترنت و وای فای و تماس تلفنی تقریبا یک روز دوام میاره که در مقایسه با اسمارت فونهای دیگه قابل قبول به نظر می‌رسه. کیفیت بدنه این موبایل خیلی خوب هست. قاب پشتی اون بسیار شیک ساخته شده که با وجود پلاستیکی بودن، کیفیت و زیبایی خیلی خوبی داره و حس پلاستیکی بودن رو القا نمی‌کنه. دست گرفتن این گوشی به این دلیل خیلی خوشایند هست. من به دلیل اینکه از قاب محافظ ژله‌ای استفاده می‌کنم، آسیب‌پذیری اون رو در برابر خط و خش نمی‌دونم اما باید توجه داشت که حتی موبایل‌های پرچمدار سامسونگ و اپل هم اکثرا دربرابر خط و خش آسیب‌پذیرند و خیلی باید مواظب دستگاه‌های خودمون باشیم.
اما بعضی از دوستان درباره حسگر اثر انگشت صحبت کردند. باید توجه داشت که یک موبایل با این قیمت و با توجه به میان رده بودن اون، نمی‌شه توقع داشت که حسگر اثر انگشت داشته باشه. شما می‌بینید که سری J سامسونگ هم که در همین محدوده قیمته حسگر اثر انگشت نداره چون میان‌رده محسوب می‌شه. اما سری A این شرکت دارای حسگر اثر انگشت هست ولی قیمت‌شون هم به همین دلیل گرون‌تر شده و خیلی راحت می‌شه گفت که سونی XA رو نباید با سری A سامسونگ مقایسه کرد چون اصلا در یک محدوده قیمتی قرار ندارند. می‌شه گفت سری A سامسونگ میان‌رده‌های نزدیک به پرچم‌دارند چون بیشتر امکانات پرچمدار این شرکت رو دارند و فقط از نظر پردازنده ضعیف‌ترند. بعضی از گوشی‌های هوآوری در این محدوده قیمتی دارای سنسور اثر انگشت هستند که در این مورد هم باید توجه داشت که اصولا هواوی قیمت محصولاتش خیلی پایین‌تر از سونی و سامسونگ و اچ تی سی هست و باز هم نباید مقایسه صورت بگیره.
درباره حاشیه‌های بالا و پایین هم باید اضافه کرد که من این مدل رو کنار آیفون قرار دادم و متوجه شدم حاشیه‌های آیفون کمتر از این مدل نیست. مسئله حاشیه فقط به انتقاد ضد سونی تبدیل شده و کمتر کسی از حاشیه‌های دیگر گوشی‌ها انتقاد می‌کنه.در عکس حاشیه‌ها کمی زیاد به نظر می‌رسند ولی وقتی موبایل رو در درست می‌گیرید، متوجه می‌شید که اصلا حاشیه‌هاش غیرطبیعی نیست.
آخرین نکته رو به نوار اعلانات اختصاص می‌دم. واقیت اینه که من هم یه مقدار با نوار اعلانات به مشکل خوردم. موضوع اینه که وقتی دست رو از بالا به پایین روی صفحه هوم می‌کشید، وارد منونی برنامه‌های می‌شه. به این دلیل گاه وقتی می‌خواید نوار اعلانات رو باز کنید، ممکنه به جای نوار اعلانات صفحه منوی برنامه‌ها باز بشه. این یه ایراد نرم‌افزاریه که با آپدیت باید حل بشه. من تمام آپدیت‌های موجود رو نصب کردم اما متاسفانه هنوز یه مقدار نوار اعلانات نیاز به اصلاح داره که امیدوارم این اتفاق بیافته.",4,0,4,5,5,5,5,4
,,"این کوشی ظاهر خوبی داره من از این گوشی رازی هستم من مشتری Sony چه گوشی وغیره واقعا Sony تو ایده ها خوب کاره میکنه با این رنجه قیمت خوبه کسانی این اسمارت فون رو خریدن نمی دونم چه جوری به گوشی توهین می کنن Sony بیست بیست",21,2,3,3,4,3,5,5
"خوش دستي
زيبايي
دوربين سلفي خوب","کيفيت بدنه نه چندان خوب
افت کيفيت تصوير بعد از گذشت مدتي
صفحه نمايش نه چندان جالب
نداشتن حسگر اثر انگشت","بعد از گذشت 6 ماه استفاده از این گوشی به عیب های زیادی داخل این گوشی رسیدم که تک به تک براتون میگم. من خودم ادم حساسی هستم و از گوشی خیلی مراقبت میکنم اما با وجود مراقبت های زیاد قاب پشت گوشی بعد از گذشت مدتی خش دار میشه و همینطور لنز دوربین عقب به گونه ی خش دار شده که داخل عکس گرفتن افت کیفیت به سزای داره. صفحه نمایشش خوبه اما نه به خوبی سایر رقبای خودش. زمانی که گوشی رو ریستارت میکنم برنامه های باز مونده از قبل روش وجود دارن و نمیتونم بگم این یک مزیت به حساب میاد یا یک نقطه ی ضعف. باطری اون هم شارژ رو زیاد نگه نمیداره و هر روز باید داخل شارژ باشه. اما در کنار این نقاط منفی زیبایی خاصی داره و درکل گوشیه نسبتا خوبیه",7,18,3,2,3,3,5,3
"زيبايي زيبايي زيبايي",,"مشکلی که برخی از دوستان کر کردند و اینکه نوار اعلانات سخت پائین میاد . باید خیلی آروم و سطحی لمس شه در اینصورت خیلی هم راحت پائین میاد",16,6,5,5,5,4,5,2
,,"بسیار عالی
من که خریدم راضیم
مشکل تاچ هم تو بروزرسانی ها درست میشه",7,1,5,5,5,5,5,5
,,"جی پی اس نداره که",3,18,5,5,5,5,5,5
,,"خوش دست و زیبا ، تو این قیمت واقعا عالیه و یه حسن بزگ دیگش هم اینه که سرعت کار باهاش خوبه و هنگی نداره",8,3,5,4,4,5,5,4
,,"نوار اعلانات پایین نمیاد باید چندین بار سعی کنی
با این قیمت باید سنسور اثر انگشت میداشت اما نداره
کیفیت دوربین مثل گوشی های رده پایینه
من فقط یک روز تونستم دستم بگیرم اصلا راضی نبودم.",12,15,0,1,1,0,3,1
,,"بهترین تو میان رده هاست نسبت به قیمتش. تنها عیبش نداشتن حسگر اثر انگشته.",15,5,5,5,5,5,5,5
"سرعت خوب
طراحي زيبا",,"سلام.من این گوشی را در سایت دیجی کالا دیدم وخیلی ازش خوشم اومد و با اینکه همه گفتن سونی نخر و...ولی بالاخره خریدمش خیلی هم دوسش دارم ایراد بزرگی نداره که بخاطرش از خریدش صرف نظرکنین.فقط اگه اینترنت زیاد مصرف دارین تقریبا یه 24ساعت یک بار شارژ میخواد ویک مقدار نوار اعلانش قلق داره برای پایین کشیدنش دیگه عالیه.........دوستت دارم سونی",23,3,3,3,4,3,5,3
"خوش دست
زيبا","باطريش تقريبا زود تموم ميشه","من ازش راضی هستم و دوستش دارم",15,1,4,4,3,4,5,4
"ظاهر زيبا
خوش دست
باريک و ظريف",,"امروز این موبایل به دستم رسید. از قبل این مدل رو دیده بودم و دستم گرفته بودم اما وقتی همین یک ساعت و نیم قبل جعبه اون رو باز کردم، انگار یک بار دیگه مجذوب این موبایل شدم. واقعا زیبا و ظریف و خوش دست و ارگونومیک هست. روشنش کردم و خوشبختانه به راحتی باهاش کار کردم و مشکلی در تاچ نداشتم و اینکه بگیم تاچ خیلی ضعیفی داره اصلا درست نیست، حتی با وجود اینکه هنوز آپدیت رو نصب نکردم. در روزهای آینده بیشتر باهاش کار می‌کنم و باز هم تجربیاتم رو در اختیار کاربران قرار می‌دم و امیدوارم صحبت‌های کسانی که تجربه کار با این مدل رو ندارند اما نظرات منفی می‌دند تاثیری بر علاقه‌مندان نداشته باشه.",23,3,4,5,5,5,5,4
"ظاهر زيبا خوش دستي کيفيت نمايشگر پردازنده قابل قبول و...",باتري,"همه چیش خوبه این گوشی جز باتریش که زود خالی میشه.. انصافا اگه ظرفیت بارتریش بالاتر بود فوق العاده میشد در نوع خودش",17,0,5,5,5,5,5,5
,,"سلام،من مشتری دائمی سونی هستم،منم اول ک شروع ب کار کردم با xa تنها مشکلم تاچ بود فقط برای کشیدن نوار اعلانات ک ی اپدیت کردم و گلس هم دراوردم ب جاش برچسب زدم ک زیرش هیچ هوایی نیست دیگه یک ماهه ی بارم نشده نپار اعلانات ب مشکل بخوره،ب نظرم بهترین میان ردس",10,1,5,5,5,5,3,5
"ظاهري زيبا","تاچ به شدت ضعيف","همه چیه این گوشی نسبت به قیمتش خوبه به غیر از تاچش و اونجوری که من از کامنت ها فهمیدم این که خیلیا مثل من با تاچ این گوشی مشکل دارن اگه کسی راحلی میدونه خواهشا بگه که بدجور این تاچش اعصاب منو به هم ریخته",6,11,3,3,3,2,4,4
,,"خیلی خوبه من راضی هستم",12,4,5,5,5,5,5,5
"شکل زيبا و لبه هاي بي حاشيه","نداشتن سنسور فينگر
تاچ ضعيف
عملکرد کند در ثبت عکس","قطعا باتری تعبیه شده در این گوشی با تراشه ی 8 هسته ای متناسب نیست و باید همیشه یه پاور همراهت باشه ، حسگر فینگر هم تو این گوشی به فقر و نیستی رفته",4,18,2,4,2,3,5,4
"همه چيز به جز معايب","هيچ چيز نسبت به بازه قيمتي","اون هایی که مشکل تاچ دارند از حالت stamina خارجش کنن!
گوشی رو آپدیت کنن!
مخصوصاً اون 700 مگابایتی!
سیستم باتری xa جوریه که از ساعت 12به بعد برای اینکه باتری آسیب نبینه زمان بیشتری طول می کشه شارژ بشه!
و بنظر من تنها مشکلش نبود گلس درست حسابی برای این محصول!
دوربینش هم عالیه اون دوستی که گفتن بده یا گوشی رفرشه یا خرابه یا تنظیمات رو 13 مگاپیکسل نیستی!",15,1,5,4,4,5,5,4
,,"دوستانی که از این گوشی رضایت ندارن خب واقعا حق دارن!
شما نگاه کنید با cpu هشت هسته ای و رم 2 آیا واقعا با ظرفیت باطریش که 2300 هست متناسب است؟قطعا جواب منفی ست.
خب طبیعتا با مشکلاتی مواجه خواهید شد.
من که واقعا نظرم از گوشی های سونی عوض شد.",9,25,3,3,3,3,3,3
"قيمت کم
بروزرساني اندرويد","جنس بدنه","نسبت به قیمت ش. ارزش خرید داره",7,1,3,4,5,5,5,5
"تاچ
دوربين
رم
صفحه نمايش",,"عاشقشم عالیه عالی دوستش دارم چند ساله از سونی استفاده میکنم",22,2,5,5,5,5,5,5
,"باطري وحشتناک
تاچ ديوانه کننده
دوربين خجالت آور","واقعا پیشنهاد نمی کنم روزی 3 بار باید شارژش کنید کلا نه تاچ خوبی دارد و نه باتری .شب شارژش کنید بخوابید بیدار شید شده 65 درصد در این حد این گوشی عجیبه هر کس هم خریده همین نظر رو داره باورم نمیشه اول خودم داشتمش دیدم داره دیوونم میکنه دادم مادرم نقدر به خاطر شارژ شدنو خالی شدنش شکایت کرد آبروم رفت فروختمش زیر قیمت خلاصه اگه می خواید بگیرید خودتونو واسه دیوونه شدن آماده کنید",32,38,3,3,3,3,3,3
,,"واقعا که سونی!مثلا تو یکی از شرکتای بااصالتی!
ما این گوشی رو تابستون برای مادرم خریدیم.اولا خوب ک یکدفعه بعد از چند ماه موقع صحبت با گوشی نه صدای تو میرفت و نه صدای طرف میومد.
اینم بگم ک جالبه ها ،من روی لنز دوربین حساسم و میگیرم همشیه تمیز میکنم ولی ماله گوشی لتزش بدرد نمیخوره!توضیح ندم بهتره!!!",14,34,3,3,3,3,3,3
"همه چي....","فقط اي کاش چيپ ست مديا تک نبود....","گوشی عالی...از هر نظر ....طراحی عالی...رابط کاربری روان و زیبا....کیفیت نمایشگر عالی......و کلی چیز ک جا نمیشه بگم......فقط همونطور که گفتم اگه چیپستش اسنپ دراگون بود دگ حرف نداشت ....اینم خوبه ولی من حس خوبی نسبت به مدیا تک ندارم هر چند که هنوز هیچ هنگ و کم سرعتی و مشکلی ازش ندیدم و همه چیش کاملا عالی بنظرر میرسه",22,9,4,5,5,5,5,5
"زيبايي، زيبايي، زيبايي
عملکرد مناسب
دوربينهاي باکيفيت
امکانات ارتباطي مثل NFC و screen mirroring
آپديتهاي بهبوددهنده","ظرافت زياد که ممکنه براي برخي دوام کافي نداشته باشه","دقیقا 4 روزه که این گوشی رو گرفتم و دارم 24 ساعتهای ازش استفاده می‌کنم و کاملا راضی هستم. نکات قابل توجه این گوشی به این ترتیبه:
زیبایی گوشی در حدی آیه که هیچ کس نمی تونه در مقابلش مقاومت کنه و نپرسه هر کسی این رو دستم دیده حداقل یکبار خواسته مهم دستش بگیره و امتحان کنه.
کیفیت ساخت گوشی علیرغم پلاستیکی بودن اصلا پایین نیست و حس خوبی به آدم منتقل میکند.
آنتن دهی ، وای فای و شبکه 4G بدون هیچ مشکلی صحیح کار می‌کند کنه.
خمیده بودن اضلاع گوشی باعث میشه با گلس تاچ به مشکل بربخوره اما با برچسب حل میشه.
«نکته مهم برای اونها که از تاچ گله دارند:
برای اینکه کاملا مشکل پایین کشیدن نوار وضعیت حل بشه باید آپدیت نرم افزاری با حجم 788 مگ رو کن براش میاد دانلود و نصب کنید و برای آنکه حس بینظیر تاچ گوشی به حس فوق اعلا تبدیل بشه وارد تنظیم بشید از قسمت notification and sounds بشید از قسمت other sounds دو گزینه touch sound و vibrate on touch رو غیرفعال کنید و فقط دیگه از گوشی لذت ببرید.
باطری گوشی برای من که همیشه یا وای فای رو روشن میکنم یا اینترنت سیم کارت تا یک روز جواب میده که به نظرم مناسبه
قابلیت اسکرین میرورینک داره من بدون اتصال سیم می تونید محتوای گوشی رو روی تلویزیون با تبلت بی اندازید.
و حرف آخر اگه داشتن یه گجت زیبا با طراحی اصیل در کنار عملکرد مناسب و دوربینهای خوب براتون مهمه تو خریدش شک نکنید
موفق باشید",29,12,4,5,4,5,5,4
,,"من خودم کلا از خیلی سالهای پیش فقط گوشی های سونی میخریدم و الانم از مجبوری هنوز سونی cدارم!!! ولی از سری z دیگه سونی کلا داره. داره درجا میزنه!!! این روزا دیگه تو این رنج قیمت روی اکثر گوشیها امکانات بیشتری هست مثل اثر انگشت و...ولی سونی نسبت به این امکانات ضعیف خیلی قیمت بالایی داره!!! منکه پول بدستم برسه دیگه میرم سراغ محصولات نو ظهور سامسونگ... ببخشید ولی سونی دیگه فاتحه!...",27,56,0,2,1,3,2,2
,,"منوی بالایی همه گوشی ها با یه بار کشیدن نوتیفکشن میاد و دوباره بکشی اینبار علامت های قطع و وصل کردن وایفا و اینجور چیزا کیاد و در همه گوشی های اندروید 6 و 5 اینجوریه داداش حالا در اندروید 7 که داره براش میاد خود گوگل راحترش کرده باتریش در تستا به اندازه 3000 هواوی رفته و تقریبا در استفاده ای مثل تلگرام و اینجور چیزا همه گوشی ها 1 بار در روز شارژ میخواد این ایراد هایی که گرفتی ایراد نیست ویژگی گوشی هست برو خدارا شکر کن که یکبار در روز میزاری شارژ شه 40 درصد گوشی ها باید 2 بار در روز شارژ کنی",25,8,5,5,5,5,5,5
"ظاهر زيبا و طراحي مناسب","تاچ اعصاب خرد کن، باطري ضعيف، کيفيت رنگ پايين، رابطه کاربري گنگ با امکانات کم","اول اینکه برای محافظ گلس پول ندید، چون تاچ لبه های صفحه رو مختل میکنه. من دو تا محافظ عوض کردم و در نهایت دارم بدون محافظ ازش استفاده میکنم .امکانات ساده مثل انتخاب دو صدای زنگ مختلف برای دو سیم کارت رو نداره. منوی بالی صفحه رو باید دو دستی بکشید تا پایین بیاد ! باطربش به زحمت دو روز با استفاده کم و بدون اینترنت جواب میده. من که از خریدش سرخورده شدم.",5,37,2,2,2,1,3,2
"دوربين خوب خوش دستي گوشي و ساپورت کامل فورجي و او تي جي","باطري فوق العاده ضعيف","من این گوشی رو ده روزه خریدم اول بگم گوشی خوشکله و خوش دست دوربین خوبی داره اما چند مشکل داره اول بگم منوی کاربریش خیلی درهمه و سامسونگ خیلی ساده تر و راحت تره! باطری این گوشی بسیار ضعیفه شما شب فولش کنید بدون استفاده صبح که بیدار بشید 15 درصد شارژ کم شده در کل من اگر برگردم عقب جای این گوشی a3 سامسونگ میخرم",14,23,3,3,3,3,3,3
,,"قطعا اگه این گوشی حس گر اثر انگشت میداشت مثل سایر سری x های سونی هیچ شکی برا خریدش نمی کردم.
خوب البته صفحه نمایشش هم تراکم پیکسلی بالایی نداره و کیفیت HD، ولی فک نمیکنم ناامید کننده باشه تو این رنج قیمت
در عوض طراحی بی نقصش، خصوصا صفحه نمایشش، اون عیبا رو می پوشونه",13,9,4,5,3,3,5,3
سرعت,تاچ,"سلام خدمت دوستانی که مشکل تاچ دارن به عبارتی لمس کردن در ابن گوشی قلق داره باید خدمتشون عرض کنن برای حل این مشکل باید گلسی که انداخته اید صفحه اش بکنید و بجاش از لیبل های نانو بخرید که تمام تمام صفحه رو میپوشونن دقت کنید تمام صفحه رو حتی قسمت های منحنی رو. اگه تو بازار بگردید پیدا میکنید نانو تمام صفحه مخصوص خودش هست. با این کار تا حد زیادی مشکل تاچ حل خواهد شد.",6,2,3,4,3,3,5,4
,,"من همین امروز گرفتمش
خیلی دوستش داشتم ولی انگار تاچش ضعیفه آخه چرا
از دیجی کالا هم سفارش دادم خورد تو‌ذوقم",17,11,3,3,3,3,3,3
,,"من این گوشی رو همون هفته اول که وارد ایران شد خریدم ، هر چیزی که منو از سونی نا امید میکرد داخل این گوشیش رفع شده ، رنگ گرافیتیش که بینظیره ، خودتون یه بار از نزدیک ببینید متوجه میشید ، سرعت سی پی یو به طور عجیبی نسبت به میانرده بودنش خوبه در حدی که میتونم با آیپدم مقایسش کنم ، قبل از خریدن فکر میکردم جنس بندنه که فلزی نیست باعث عذابم میشه ولی واقعا جنس خوبی به کار رفته و یه حس خوبی رو منتقل میکنه ، وزن گوشی خیلی کمه ، هر کی گیشمو میگیره توی دستش از وزنش تعجب میکنه ، دوربین هاش با این که از نظر مگاپیکس کم تره ولی از z5 داداشم که رنگ ها رو بهتر میگیره ، این گوشی رو نمیشه میانرده دونست ، اگه نمیخواید پرچم دار بگید یا دنبال یه طراحی متفاوت میگردین این گوشی رو از دست ندید .",16,9,5,5,4,5,4,5
,,"من فکر میکنم باتری هر موبایل هوشمند امروزی نباید کمتر از 3000 باشه. با توجه به اینکه بعد از 1 سال از کیفیت باتری هم کاسته میشه . می دونید که وقتی گوشی رو به شارژ می زنید نباید استفاده کنید. زیرا اثر مخربی بر روی باتری دارد بنابراین باید صبر کنید تا .... در نتیجه حداقل ظرفیت باتری 3000 با بالا باشه عالیه",7,3,3,0,0,0,0,0
"طراحي زيبا براي يک ميان رده","ظرفيت پايين باتري","اصلا از روی عکس معلوم نیست که چه طراحی زیبایی داره اما وقتی از نزدیک می‌بینید و باهاش کار می‌کنید واقعا مسحورش می‌شید! به نسبت یک میان‌رده خیلی طراحی عالی داره. در مقایسه با میان‌رده‌ها و حتی پرچمدارهای هوآوی واقعا زیباتره و این دقیقا برخلاف چیزیه که بعضی اعتقاد دارند که خرید یه گوشی با امکانات بیشتر از هوآوی بهتر از خرید این میان‌رده‌های سونی هست. برندهایی مثل سونی زبان طراحی خاص خودشون رو دارند و خیلی راحت از دور می‌شه تشخیص داد چه برندی‌اند اما بعضی از برندهای چینی گاه شبیه آیفون، گاه شبیه سامسونگ، گاه شبیه htc و گاه شبیه سونی هستند. با اینکه خودم گاه از بعضی از گوشی‌های چینی خوش‌ام میاد اما طبیعتا برندهای قدیمی‌تر رو بیشتر ترجیح می‌دم. شاید تنها ایراد این موبایل باتریش باشه که ای کاش حداقل باتری 3000 میلی آمپری در این موبایل قرار می‌دادند.",11,1,4,5,5,5,5,4
"طراحي زيبا
خوش دست
صفحه نمايش قابل قبول
سخت افزار قابل قبول نسبت به قيمت","باتري بسيار ضعيف
دوربين معمولي","گوشی واقعا زیبا و خوش دستی هستش کار کردن راحت با گوشی روان بودن گوشی صفحه نمایش این گوشی روی قیمتش واقعا جذاب هستش باتری گوشی ضعیف هستش در کل گوشی خوشگل و راحت و روانی هستش اما واقعا باتری خوبی نداره",5,2,3,4,4,5,5,4
"طراحي زيبا
امکانات سخت افزاري قابل قبول نسبت به قيمت
سبک و خوش دست","صداي نسبتا"" ضعيف","حدود یک ماهه این گوشی رو دارم.
دربین های خوبی داره.
باتری علیرغم 2300 میلی آمپر بودنش خوبه.
(برخلاف نظر بعضی از دوستان)به نظر م طراحی بالا وپایین صفحه به یک اندازه به زیبایی گوشی کمک کرده.
عمل نکردن نوار وظایف بالای گوشی وبعضی اوقات لبه های خمیده صفحه نمایش قلق داره. چند روز باهاش کار کنید دستتون میاد.
فقط صدای اسپیکر یه مقدار ضعیفه.",6,1,4,4,3,3,5,3
"بهترين ميان رده",,"من قبلا نظر داده بودم ولی ی مورد ناگفته موند
این مورد خیلی از دوستان نمیدونن:این گوشی فست شارژهست،این سری از سی پی یو های مدیاتک از قابلیت فست شار، مخصوص همین کمپانی برخورد دار هستند ک هیچ جا بهش اشاره نشده بجز سایت اکسپریا.من خودم هم تست گرفتم تا70درصد کمتر از یک ساعت شارژ شد تازه با شارژری ک فست شارژ نیست چون تو ایران پک اصلی به کاربر نمیرسه،درکل در مقایسه با گوشی قبلیمz3+سریع تر شارژ میشه، اینم بگم که وقتی با z3+به فورجی وصل میشدم تو کلش آف کلنز و گوشی هم ب شارژ بود نور صفحه هم معمولا زیاد میکنم،شار،z3+کم میشد و لگ هم میزد،اما این شارژش نه تنها کم نمیشه زیادم میشه و کمتر داغ میکنه و هیچ لگیم نداره،من دوماهه دارمش واقعا این انتظارو نداشتم از سی پی یو مدیاتک انقد خوب باشه جواب منو از اسنپ810 ک روz3+بود بهتر داد مخصوصا تو سرعت باز کردن اپلیکیشن ها،در کل من سونی از zتاz3+باm5داشتم و هیچ کدومشون منو اندازه این راضی نکرد چقدر این گوشی خوش دسته عااااااااالیه،درضمن سونی برای این گوشی اندروید7روهم تا س ماه دیگه اتنشار میده ک گفته شده سونی تو اندروید7 خیلی بهبود ب کارایی داده و تغیرات بنیادی داده،من تا ابد طرفدار این غول ژاپنیم.make blieve",7,0,5,5,5,5,3,5
"زيبا ظريف سبک دوسيم مموري جدا از سيم چرا ال اي دي او تي جي سي پي يو قدرتمند اثر انگشت","فست شارڙ نيست","در کل گوشی خوب و خوش ساختی هست
اگه کسی نمیخواد خیلی هزینه کنه بهترین گزینه استو",7,6,5,5,5,5,5,5
"همه چيش","رنگ سياهش زود خش ميگيره","من نزدیک به سه ماه هست این گوشی رو دارم عالیه هیچ مشکلی هم خدا رو شکر ندارم و به کسایی که میخوان گوشی در این رده قیمت بگیرن این رو پیشنهاد میکنم",10,2,5,4,3,5,3,5
"همه چي",هيچي,"فوق العاده است",12,2,5,5,5,5,5,5
"1:دوربين سلفي خارق العاده 2:نور فلش خيلييي زياد 3:سرعت بالا،من 2يا3صفحه اپليکيشن دارم و کاراي نسبتا سنگين انجام ميدم هيچ لگ خاصي نديدم 4:طراحي عالي که واقعا خيره کنندس با دولبه خميده 5:کيفيت ال سي ديhdهست ولي دستکمياز يهfullhd نداره با موتور تصويريsuper vivid mood 6:عملکرد عالي باتري با حالتstamina 7:رابط کاربري جديد و زيباو سريع","1:استعداد بالاي لنز دوربين پشت در برابر خط و خش 2:براي کشيدن نوار اعلانات به پايين مشکل دارم که خدا کنه تو اندرويد7 اين مشکل حل شه 3:عدم وجود حسگر اثر انگشت","سلام،من یه ماهه این گوشی رو خریدم قبلشمz3+داشتم با همه ی گوشی های برندهای دیگه هم LG.samsungکار کردم مثلs6-7وg3-g4نمیخوام تاسبی صحبت کنم هر برند یه مزایا و معایبی داره ولی من اصالت ژاپن رو ترجیح میدم و با سونی حس بهتری دارم در کل بهتره بگم باهاش بیشتر حال میکنم sola.z.z2.m5.z3+هم داشتم، آگه بخوام اینو با z3+یعنی پرچمدار سه نسل پیش سونی مقایسه کنم یا بهتره بگمz5چون تنها فرقش باz3+ حسگر اسر انگشت و فوکوس سریع تر دوربینه مقایسه کنم باید بگم روی کاغذ این گوشی حرف چندانی برای گفتن نداره ولی در عمل چون گوشی2016هست بهینه سازی های خوبی روش انجام شده و در عملکرد خیلی بهبود یافته از ویژگی های z3+هم نمیشه گذشت در کل با توجه به نیاز های من این بهتر جوابمو داد مثلا تو دوربین سلفی من مقایسه کردم این ازz5هم بهتر بود یا نور فلاشش خیلی زیاد هست وانتن دهیش هم از z3+بهتره چون با آون نمیتونستم تو اتاق خودم به4gمتصل بشم ولی این میشه،خیلی کمتر از اونا دما تولید میکنه وسرعت سی پی یو تو باز کردن اپلیکیشن ها بهتره ولی تو بازی های سنگین نه سریع تر هم شارژ میشه و...نا گفته نماندz3+هم تو بعضی عملکردها ازین بهتره ک دیگه توصیح نمیدم،اندروید7هم تو راهه.ممنون که خوندید",26,2,4,5,5,5,5,4
"نسبتا خوش دسته",,"با سلام.
من این گوشی رو خریداری کردم و راضی ام اما اکر به عقب برگردم روی هو آوی p8 هم کمی فکر میکنم.
بیش از یک گیگ همون روز اول آپدیت براش اومد و ظاهرا اندروید هفت هم براش میاد.
دوستانی که این گوشی رو دارن آیا مثل من در لمس گوشه های بالای صفحه و یا پایین آوردن نوار کشویی با کمی سختی روبرو میشن؟ باید با یه قلق خاصی لمس این قسمت ها رو انجام داد، بقیه هم آیا همین طورند؟ سپاس از توجه شما.",13,5,3,4,3,3,5,4
"بسيار زيبا و شيک و نمايشگر با کيفيت
خيلي خوش دست
رابط کاربري بدون لگ
سخت افزار نسبتا خوب بدون داغ شدن گوشي
دوربين شگفت انگيز","باتري يه کم ظرفيتش کمه اما بازم از اون چيزي که نوشته شده قويتره","سلام
من این گوشی رو سه روزه خریدم و واقعا راضیم ازش
کسایی که میگن میانرده های قبلی مثل سری ام قوی ترن سخت در اشتباهن چون اونا واقعا داغ میکنن در حد المپیک
اما این گوشی واقعا حتی در حین بازی داغ نمیکنه که معرکست
لبه های خمیده هم حس خوبی بهتون میده و طراحیش و رنگش واقعا مجذوبتون میکنه مخصوصا رنگ لیمویی-طلاییش که خیره کنندس
دوربینشم واقعا بیشتر از 13 مگاپیکسله
تنها ایرادش باتریشه که نوشته شده 2300 اما برای من 1.5 روز با استفاده متوسط کار کرد... بعد 6 ساعت ویدیو اچ دی هم از صد به صفر رسید...",14,0,4,5,4,5,5,5
"طراحي خوب
حافظه دا خلي و جانبي
شيک و باکلاس",,"سلام این گوشی به نظر من از همه لحاظ خوبه کسایی هم که درباره ی باطری صحبت میکنن یه ذهنیتی از گوشی های قبل دارند که تا اسم سونی میشنون میگن باطریش ضعیفه باید بگم که باطریش ضعیف نیست اگه شما مدام اینترنتت به خصوص 4gتون روشن باشه یا بازی انجم بدید یا عکسبرداری و فیم برداری کنین شش ساعت راحت جواب میده عادی استفاده کنید راحت 14ساعت جواب میده پس نگران نباشید گوشی خوبیه نسبت به قیمتش این گوشی رو سه ماه دیگه بخرید .یا حق",9,0,5,4,5,4,5,4
,,"دوستات میتونن یک عکس سیاه باز کنن و نور پس زمینه رو زیاد کنن اونوقت از تمام طرفین گوشی کمی فشار بدید به راحتی متوجه میشید که چقدر ظعیفه",3,40,3,3,5,3,5,4
"طراحي بسيار زيبا
استفاده راحت
امنيت و قفل هاي بالا
خوش دست در مقابله به سامسونگ","دوربين پشت پايين","من یه ماهه این گوشی رو گرفتم و رازی ام",20,5,4,4,5,5,5,5
,,"من این گوشی رو خریدم خییلی گوشی خوبیه.در مورد گرم شدنش موافقم ولی اون صفحه نمایش اصلا اینطور نیست و کیفیت خوبی داره و اگه هر چی هم فشار بدم رنگش بر نمیگرده",22,2,4,5,4,4,5,4
"طراحي عالي، زيبا، بروز
سخت افزار خوب
هيچ چيز کم ندارد","صفحه نمايش اسيب پذير
بسيار ظريف
شديدا داغ ميکند
باطري","مزایا
دستگاهی بسیار زیبا بسیار خوش دست و با طراحی عالی است. سخت افزارش در مقایسه با میان رده بودنش عالی است و از پس همچیز بر می اید. هیچ کم و کثری ندارد.. چراغ ال ای دی.. NFC.. قطب نما.. ووو..
معایب
اولین ایرادی ک میتونم ازش بگیرم حرارت دستگاهه که با کمترین استفاده شدیدا داغ میکنه. ایراد بعدی که اصلا انتظارس رو نداشتم، صفحه نمایش با یه فشار کوچیک رنگش عوض میشه و بسیار ضعیفه
در مجموع یک دستگاه کامل، بدون عیب و ایراد و بسیار لذتبخش است",7,24,3,3,5,3,5,4
,,"خواهشا سری xa ultra رو بیارید",9,1,5,5,5,4,5,4
"ظاهر عالي - صفحه نمايش","سخت افزار ميتونست قوي تر باشه - قيمت پايين کوتاه تر ميبود زيبا تر ميشد.","گوشی خیلی خوبیه طبق نقدایی که ازش دیدم.
اما بنظرم فعلا صبر کنید تا قیمتش بیاد پایین بعد بخرید چون تازه منتشر شده قیمتش الکی زیاده و بعد چند ماه قیمت اصلیش مشخص میشه.
از همه نظر خوبه فقط بنظرم سونی باید بین میان رده امسال با پارسالش یکم تفاوتشو بیشتر میکرد توی سخت افزار، الان سخت افزارش یکم قوی تر از C4 و C5 (که میانرده های پارسال بودن) هست ولی وقتی بحث به عملکرد میرسه توی بنچمارکا 50000 میاره در صورتی که من C4 دارمم بنچمارک 50000 هست ولی نزدیک 300 تومن اختلاف قیمت داره برا همین میگم صبر کنید تا قیمتش بیاد پایین بعد بخرید چون توی این قیمت بنظرم M5 انتخاب مناسب تری باشه.

ولی در کل گوشی معرکه ای هست، سونی گوشی بد نمیزنه.",11,4,4,4,4,5,5,4
"طراحي بي نظير
دوربين هاي خوب
صفحه نمايش 2.5 بعدي با کيفيت","شارژر سريع بايد جداگانه تهيه شود","من این گوشی رو 3 روزه تهیه کردم
از نمایندگی که بخرید یک عدد مونوپاد شاتر دار و یک هندزفری بلوتوث سونی به عنوان هدیه بهتون میدن.
گوشی فوق العاده ایه البته اگه عجله نکنید صبر کنید ارزون تر بشه بهتره(البته با وجود این هدایا ارزش داره بنظرم)
رنگ بندی اش هم فوق العادس طوری که واقعا دچار تردید میشید چون تمام رنگ هاش زیباس البته من رنگ مشکی گرانیتی رو تهیه کردم که خیلی راضیم...
فقط حیف که شارژر اصلی داخل جعبه فست شارژ نیست و باید جداگونه تهیه کنید
ولی در کل بعنوان یه گوشی میان رده با ظاهر بی نظیر به شدت پیشنهاد میکن",14,2,3,5,4,5,5,4
[],"[""اين پايين صفه نمايش زيادي خاليه باعث شده گوشي دراز تر شه ک خوب نيست""]","گوشیه واقعا قوی ایه من دیروز خریدمش تا الان واقعا ازش راضی بودم بتون پیشنهاد میکنم واقعا هم خوش دسته و میشه ب راحتی باهاش کار کرد",8,0,5,5,5,5,5,5
[],[],"واقعا جذب این گوشی شدم و بیصبرانه منتظرم تا موجود شه",7,2,5,5,5,3,3,5
"ابعاد و صفحه نمايش عالي ، ارگونومي بي نظير","تک سيم کارته بودن","این گوشی در مجموع خوبه ولی متأسفانه دیجی کالا مدل تک سیمکارته رو مد نظر داره!
لطفا به جای این مدل دو سیم کارته موجود بشه سریع تر
دوستانی که موافقند لایک کنند.",35,6,4,2,3,5,5,5
"دورببين ، ظاهر ،",,"ازمشخصات ، سخت افزار ، دوربین و مخصوصا ظاهرش جا خوردم. من می خوام تابستان گوشی بخرم . حتما یکی از گزینه های اصلی من خواهد بود.",12,3,4,4,4,5,5,4
,,"از نظر من آدم نباید رو بنچمارک حساب کنه اون فقط یه امتیاز و رتبه بندیه
آدم خودش باید از گوشیش خوشش بیاد",18,7,4,5,5,5,5,5
[],[],"لطفا خواهشا معیار های اندازه گیریتونو بنچمارک قرار ندید.میتونید 50 درصد رو بنچمارک اعتماد کنید.چون های سیلیکون های هواوی از همرده های اسنپشون عملکرد بهتری رو نشون دادن ولی چون شناخته شده نیستن امتیاز چندانی نمیارن.مدیاتک هم که فقط اسم و امتیازه و تو عمل فقط داغ میکنه البته امیدوارم توی این مدل امتیاز و عملش برابر باشند.واسه منفی و مثبت دادنم اول خودتون برید تحقیق کنید بعد به من و امثال من منفی بدید.",15,22,3,3,3,3,3,3
,,"دوستی که فرمودند که این گوشی ضعیفه باید گفت در تست َAntutu امتیاز 50 هزار را بدست آورده که برای یک میان رده هم امتیاز خوبی است در حالیکه همین هواوی P8 lite امتیاز 38 هزار را کسب کرده و خود P8 امتیاز 50 هزار . لازم به توضیحه که iPhone 5 هم همین امتیاز 50 هزار را کسب کرده و G4 زیر 50 هزار. پس لطفا قبل از نظر گذاشتن مطالعه دقیق تری بفرمایید.",15,5,5,4,4,5,5,4
,,"با عرض سلام خدمت دیجی کالا عزیز
خواهشا دو سیم کارتش رو موجود کنید ..این گوشی dual هم داره..مسلما طرفدارای گوشی دو سیمکارته بیشترن
تقاضا دارم که dual رو موجود کنید",13,1,5,5,5,4,5,4
"[""در مورد هواويp8 همه چيز عالي""]","[""کمي داغ کردن که بهش اشاره شده بخاطر سي پي يو 8هسته اي هس""]","دوستان در مورد هواویp8 باید گفت:این گوشی حدش چیه هواوی برسه
چون این برند چینی همه پرچمدار های دیگه رو زیر سوال برد
منظور گوشی های جدیدش هم هس",7,27,3,3,3,3,3,3
[],[],"دیجی خرداد تموم شد زود بیارش دیگه",14,1,4,5,5,5,5,5
[],[],"حیف گوشی به این خوشکلی که قدرتش پایینه...
حتی به پی8 لایت نمیرسه چه برسه رقبای هم دوره خودش مثل A5 2016 آنر5X و ...",3,26,1,3,3,3,4,3
"قيمت پايين
بدنه با ظاهر زيبا
سايز کوچک
4G",دوربين,"کاش سونی بجای دوربین جلو به دوربین پشت اهمیت بده. با اینکه از سنسور های سونی در سایر برند ها استفاده میشه ولی حیفه که دوربینش حرف اول رو نزنه
ظاهر زد 5 پریمیوم بخاطر آینه ای بودن قاب پشتیش از همه مدلها و برندها جالب تره. فقط کافیه یبار از نزدیک ببینیدش!",12,3,5,5,1,5,4,5
"[""همه چي ""]","[""خيلي خيلي کم""]","نسبت به قیمتش فوق‌العاده است",15,1,5,5,5,5,5,5
,,"این گوشی حرف نداره من تابستان قراره گوشی بخرم و مطمئنم یکی از گزینه هام همین گوشیه، بشرطی که قیمتش خوب باشه",16,1,4,5,5,5,5,5
"[""طراحي جديد و زيبا"",""ساده، در عين حال پر کاربرد"",""سخت افزار خوب و سيستم عامل بروز""]","["" 280 پوند بنظرم واقعا بصرفست و بايد در مقابل برخي از ضعف ها چشم پوشي کرد""]","فوق العادست ! تو یه نگاه عاشقش شدم.. خودم سامسونگ دارم اما اینبار سونی منو کشوند سمت خودش",33,2,5,5,5,5,3,5
"[""طراحي خوب و...""]","[""نداشتن اثر انگشت ""]","دوستان تمام سری xاثر انگشت دارند به جز این یکی اگر امنیت برایتان مهمه من توصیه میکنم آن گوشی های مدل xدیگر را بخرید",2,21,2,2,2,5,4,2
,,"امیدوارم هر چی زودتر بیاد
فقط منتظر این موندم",12,1,3,3,3,3,4,3
,,"من از هیچ کدوم از گوشی های سونی زیاد خوشم نمیاد ولی به نظرم این عالیه.حاشیه فوق العاده باریک.گوشه های گرد.خیلی خوشگله.اگه قیمتش زیر یه تومن باشه ارزش داره برا خرید.",12,6,4,5,4,5,5,5
"عرض 6.6 سانتي با وجود صفحه نمايش 5 اينچي
هر چي که کاربرديه داره و همه نيازارو ظاهرا براورده ميکنه","قسمت زير صفحه نمايش ميتونست دکمه يا حسگر اثر انگشت باشه","به نظرم این گوشی وقتی میاد مثل اکثر گوشی های سونی قیمت پایینی داشته باشه ولی همه چیش عالیه از دوربین سلفی گرفته تا سخت افزار و صفحه بزرگ و سایز کوچک و محافظ صفحه. به نظرم تنها ایرادش اینه که میتونستن مثل گوشی HTC ONE A9 زیر صفحه نمایش حسگر اثر انگشت بذارن تا هم این قابلیت ب گوشی اضافه بشه و اینکه شکل گوشی خوشگل تر شه چون بخاطر اینکه حاشیه صفحه نمایشو خیلی کم کردن اون پایین طوری شده انگار یکم اضافی ب نظر میرسه ولی اگه دکمه ای چیزی میذاشتن اون تقارن حفظ میشد. در کل گوشی بی نقصیه امیدوارم سونی بازم از این گوشی های سایز کوچک با صفحه بزرگ تو بازه قیمتی مختلف بزنه.",8,5,5,5,5,5,4,5
"دوربين
ظاهر زيبا
حسگر اثر انگشت","هنوز هيجي","عالیه امید وارم سریع تر بیاد",10,5,2,4,4,2,5,4
,,"دوستی که فرمودند که این گوشی ضعیفه باید گفت در تست َAntutu امتیاز 50 هزار را بدست آورده که برای یک میان رده هم امتیاز خوبی است در حالیکه همین هواوی P8 lite امتیاز 38 هزار را کسب کرده و خود P8 امتیاز 50 هزار . لازم به توضیحه که iPhone 5 هم همین امتیاز 50 هزار را کسب کرده و G4 زیر 50 هزار. پس لطفا قبل از نظر گذاشتن مطالعه دقیق تری بفرمایید.",15,5,5,4,4,5,5,4
,,"با عرض سلام خدمت دیجی کالا عزیز
خواهشا دو سیم کارتش رو موجود کنید ..این گوشی dual هم داره..مسلما طرفدارای گوشی دو سیمکارته بیشترن
تقاضا دارم که dual رو موجود کنید",13,1,5,5,5,4,5,4
"[""در مورد هواويp8 همه چيز عالي""]","[""کمي داغ کردن که بهش اشاره شده بخاطر سي پي يو 8هسته اي هس""]","دوستان در مورد هواویp8 باید گفت:این گوشی حدش چیه هواوی برسه
چون این برند چینی همه پرچمدار های دیگه رو زیر سوال برد
منظور گوشی های جدیدش هم هس",7,27,3,3,3,3,3,3
[],[],"دیجی خرداد تموم شد زود بیارش دیگه",14,1,4,5,5,5,5,5
[],[],"حیف گوشی به این خوشکلی که قدرتش پایینه...
حتی به پی8 لایت نمیرسه چه برسه رقبای هم دوره خودش مثل A5 2016 آنر5X و ...",3,26,1,3,3,3,4,3
"قيمت پايين
بدنه با ظاهر زيبا
سايز کوچک
4G",دوربين,"کاش سونی بجای دوربین جلو به دوربین پشت اهمیت بده. با اینکه از سنسور های سونی در سایر برند ها استفاده میشه ولی حیفه که دوربینش حرف اول رو نزنه
ظاهر زد 5 پریمیوم بخاطر آینه ای بودن قاب پشتیش از همه مدلها و برندها جالب تره. فقط کافیه یبار از نزدیک ببینیدش!",12,3,5,5,1,5,4,5
"[""همه چي ""]","[""خيلي خيلي کم""]","نسبت به قیمتش فوق‌العاده است",15,1,5,5,5,5,5,5
,,"این گوشی حرف نداره من تابستان قراره گوشی بخرم و مطمئنم یکی از گزینه هام همین گوشیه، بشرطی که قیمتش خوب باشه",16,1,4,5,5,5,5,5
